{
  "0515983ae9acd88af3d928faf53259f9f443a1beb6cfd6c744336fb2bd37bfed": {
    "id": "0515983ae9acd88af3d928faf53259f9f443a1beb6cfd6c744336fb2bd37bfed",
    "username": "admin",
    "createdAt": 1756057155484,
    "expiresAt": 1756143555484,
    "ip": "::1",
    "userAgent": "Mozilla/5.0 (Windows NT 10.0; Win64; x64) AppleWebKit/537.36 (KHTML, like Gecko) Chrome/139.0.0.0 Safari/537.36"
  },
  "248753178af5af56fc313aac978797e1e0af08047e2c30308385ef4f5d7ed453": {
    "id": "248753178af5af56fc313aac978797e1e0af08047e2c30308385ef4f5d7ed453",
    "username": "admin",
    "createdAt": 1756058423949,
    "expiresAt": 1756144823949,
    "ip": "::1",
    "userAgent": "Mozilla/5.0 (Windows NT 10.0; Win64; x64) AppleWebKit/537.36 (KHTML, like Gecko) Chrome/139.0.0.0 Safari/537.36"
  },
  "760236d03d981385f1bd7f69cd8dd568ea29ab8bd26f12019c080dbd3ffc326f": {
    "id": "760236d03d981385f1bd7f69cd8dd568ea29ab8bd26f12019c080dbd3ffc326f",
    "username": "admin",
    "createdAt": 1756058861502,
    "expiresAt": 1756145261502,
    "ip": "::1",
    "userAgent": "Mozilla/5.0 (Windows NT 10.0; Win64; x64) AppleWebKit/537.36 (KHTML, like Gecko) Chrome/139.0.0.0 Safari/537.36"
  },
  "26ab24a53175564959e46785cbe0e396da865c5dc453fb067e4c68b8073fefa0": {
    "id": "26ab24a53175564959e46785cbe0e396da865c5dc453fb067e4c68b8073fefa0",
    "username": "admin",
    "createdAt": 1756059555734,
    "expiresAt": 1756145955734,
    "ip": "::1",
    "userAgent": "Mozilla/5.0 (Windows NT 10.0; Win64; x64) AppleWebKit/537.36 (KHTML, like Gecko) Chrome/139.0.0.0 Safari/537.36"
  },
  "629473597bb567350f565065a73faff24961adbfd1db52e38fbc945b6bc62f70": {
    "id": "629473597bb567350f565065a73faff24961adbfd1db52e38fbc945b6bc62f70",
    "username": "admin",
    "createdAt": 1756060092240,
    "expiresAt": 1756146492240,
    "ip": "::1",
    "userAgent": "Mozilla/5.0 (Windows NT 10.0; Win64; x64) AppleWebKit/537.36 (KHTML, like Gecko) Chrome/139.0.0.0 Safari/537.36"
  },
  "6d6fce5a954c3fd7c2414d5cf61197ab2becaf2a7444ec9309a78fa8db7e7164": {
    "id": "6d6fce5a954c3fd7c2414d5cf61197ab2becaf2a7444ec9309a78fa8db7e7164",
    "username": "admin",
    "createdAt": 1756060917284,
    "expiresAt": 1756147317284,
    "ip": "::1",
    "userAgent": "Mozilla/5.0 (Windows NT 10.0; Win64; x64) AppleWebKit/537.36 (KHTML, like Gecko) Chrome/139.0.0.0 Safari/537.36"
  },
  "9cda42e0019f3489530c9f66ec99b2850f3c7926c6af580b844b173d13f9ee25": {
    "id": "9cda42e0019f3489530c9f66ec99b2850f3c7926c6af580b844b173d13f9ee25",
    "username": "admin",
    "createdAt": 1756090995214,
    "expiresAt": 1756177395214,
    "ip": "::1",
    "userAgent": "Mozilla/5.0 (Windows NT 10.0; Win64; x64) AppleWebKit/537.36 (KHTML, like Gecko) Chrome/139.0.0.0 Safari/537.36"
  },
  "43c8830b34884fde2e971c543db5b4862a128a29e901f43ee2b4f3b1fa14f52c": {
    "id": "43c8830b34884fde2e971c543db5b4862a128a29e901f43ee2b4f3b1fa14f52c",
    "username": "admin",
    "createdAt": 1756091373083,
    "expiresAt": 1756177773083,
    "ip": "::1",
    "userAgent": "Mozilla/5.0 (Windows NT 10.0; Win64; x64) AppleWebKit/537.36 (KHTML, like Gecko) Chrome/139.0.0.0 Safari/537.36"
  },
  "10446ca8bd00bb770ca847f4af9ee2b95d7ce971d0c95a3b42fa2a96f5bd2432": {
    "id": "10446ca8bd00bb770ca847f4af9ee2b95d7ce971d0c95a3b42fa2a96f5bd2432",
    "username": "admin",
    "createdAt": 1756103024460,
    "expiresAt": 1756189424460,
    "ip": "::1",
    "userAgent": "Mozilla/5.0 (Windows NT 10.0; Win64; x64) AppleWebKit/537.36 (KHTML, like Gecko) Chrome/139.0.0.0 Safari/537.36 Edg/139.0.0.0"
  },
  "6d9a6bb529fa3cf3cb964df6b49bea0a4b32b5afc1f38969439178aa8cdcd64c": {
    "id": "6d9a6bb529fa3cf3cb964df6b49bea0a4b32b5afc1f38969439178aa8cdcd64c",
    "username": "admin",
    "createdAt": 1756108779663,
    "expiresAt": 1756195179663,
    "ip": "::1",
    "userAgent": "Mozilla/5.0 (Windows NT 10.0; Win64; x64) AppleWebKit/537.36 (KHTML, like Gecko) Chrome/139.0.0.0 Safari/537.36 Edg/139.0.0.0"
  }
}