[
  {
    "id": "REG-P6OQ0M",
    "tournamentId": "TID-2101",
    "playerNumber": 2,
    "fullName": "Sam",
    "dateOfBirth": "2002-01-12",
    "gender": "Male",
    "phone": "09686855222",
    "email": "shivaprasadjw@gmail.com",
    "address": "India",
    "schoolOrEmployer": "Amazon",
    "playerPhoto": "",
    "emergencyContactName": "09686855222",
    "emergencyContactRelationship": "09686855222",
    "emergencyContactPhone": "09686855222",
    "knownAllergies": "None",
    "priorMedicalConditions": "None",
    "currentMedications": "None",
    "medicalReleaseConsent": true,
    "playerSkillLevel": "Intermediate",
    "pastPerformance": "None ",
    "waiversAcknowledged": true,
    "mediaConsentAcknowledged": true,
    "paymentScreenshot": "",
    "transactionId": "12345678",
    "assignedRound": {
      "label": "Round A",
      "index": 0
    },
    "createdAt": "2025-08-12T10:01:37.935Z"
  },
  {
    "id": "REG-NZI6L8UKS",
    "tournamentId": "TID-0001",
    "playerNumber": 1,
    "fullName": "Patricia Chang",
    "dateOfBirth": "01-11-1990",
    "gender": "Female",
    "phone": "4952707426",
    "email": "johnsonjacob@gonzalez.com",
    "address": "",
    "schoolOrEmployer": "",
    "playerPhoto": "",
    "emergencyContactName": "Not Provided",
    "emergencyContactRelationship": "Not Provided",
    "emergencyContactPhone": "Not Provided",
    "knownAllergies": "None",
    "priorMedicalConditions": "None",
    "currentMedications": "None",
    "medicalReleaseConsent": true,
    "playerSkillLevel": "Beginner",
    "pastPerformance": "None",
    "waiversAcknowledged": true,
    "mediaConsentAcknowledged": true,
    "paymentScreenshot": "",
    "transactionId": "EXCEL-1755192885039-0",
    "assignedRound": {
      "label": "Round A",
      "roundNumber": 0
    },
    "createdAt": "2025-08-14T17:34:50.096Z"
  },
  {
    "id": "REG-FA0K9OMJG",
    "tournamentId": "TID-0001",
    "playerNumber": 1,
    "fullName": "Kevin Smith",
    "dateOfBirth": "05-02-1977",
    "gender": "Female",
    "phone": "6659610880",
    "email": "michael56@hotmail.com",
    "address": "",
    "schoolOrEmployer": "",
    "playerPhoto": "",
    "emergencyContactName": "Not Provided",
    "emergencyContactRelationship": "Not Provided",
    "emergencyContactPhone": "Not Provided",
    "knownAllergies": "None",
    "priorMedicalConditions": "None",
    "currentMedications": "None",
    "medicalReleaseConsent": true,
    "playerSkillLevel": "Intermediate",
    "pastPerformance": "None",
    "waiversAcknowledged": true,
    "mediaConsentAcknowledged": true,
    "paymentScreenshot": "",
    "transactionId": "EXCEL-1755192885039-1",
    "assignedRound": {
      "label": "Round A",
      "roundNumber": 0
    },
    "createdAt": "2025-08-14T17:34:50.106Z"
  },
  {
    "id": "REG-ZMWGI04WI",
    "tournamentId": "TID-0001",
    "playerNumber": 1,
    "fullName": "Katrina May",
    "dateOfBirth": "27-07-1991",
    "gender": "Male",
    "phone": "4331464888",
    "email": "kellerchristina@gmail.com",
    "address": "",
    "schoolOrEmployer": "",
    "playerPhoto": "",
    "emergencyContactName": "Not Provided",
    "emergencyContactRelationship": "Not Provided",
    "emergencyContactPhone": "Not Provided",
    "knownAllergies": "None",
    "priorMedicalConditions": "None",
    "currentMedications": "None",
    "medicalReleaseConsent": true,
    "playerSkillLevel": "Advanced",
    "pastPerformance": "None",
    "waiversAcknowledged": true,
    "mediaConsentAcknowledged": true,
    "paymentScreenshot": "",
    "transactionId": "EXCEL-1755192885039-2",
    "assignedRound": {
      "label": "Round A",
      "roundNumber": 0
    },
    "createdAt": "2025-08-14T17:34:50.112Z"
  },
  {
    "id": "REG-CI3UOVZGD",
    "tournamentId": "TID-0001",
    "playerNumber": 1,
    "fullName": "Kimberly Williams",
    "dateOfBirth": "08-03-2009",
    "gender": "Female",
    "phone": "8925567713",
    "email": "davidmiller@briggs-burns.com",
    "address": "",
    "schoolOrEmployer": "",
    "playerPhoto": "",
    "emergencyContactName": "Not Provided",
    "emergencyContactRelationship": "Not Provided",
    "emergencyContactPhone": "Not Provided",
    "knownAllergies": "None",
    "priorMedicalConditions": "None",
    "currentMedications": "None",
    "medicalReleaseConsent": true,
    "playerSkillLevel": "Advanced",
    "pastPerformance": "None",
    "waiversAcknowledged": true,
    "mediaConsentAcknowledged": true,
    "paymentScreenshot": "",
    "transactionId": "EXCEL-1755192885039-3",
    "assignedRound": {
      "label": "Round A",
      "roundNumber": 0
    },
    "createdAt": "2025-08-14T17:34:50.115Z"
  },
  {
    "id": "REG-T4PN0KDP6",
    "tournamentId": "TID-0001",
    "playerNumber": 1,
    "fullName": "Heather Cohen",
    "dateOfBirth": "11-12-2012",
    "gender": "Female",
    "phone": "6641778796",
    "email": "mpeterson@gmail.com",
    "address": "",
    "schoolOrEmployer": "",
    "playerPhoto": "",
    "emergencyContactName": "Not Provided",
    "emergencyContactRelationship": "Not Provided",
    "emergencyContactPhone": "Not Provided",
    "knownAllergies": "None",
    "priorMedicalConditions": "None",
    "currentMedications": "None",
    "medicalReleaseConsent": true,
    "playerSkillLevel": "Beginner",
    "pastPerformance": "None",
    "waiversAcknowledged": true,
    "mediaConsentAcknowledged": true,
    "paymentScreenshot": "",
    "transactionId": "EXCEL-1755192885039-4",
    "assignedRound": {
      "label": "Round A",
      "roundNumber": 0
    },
    "createdAt": "2025-08-14T17:34:50.121Z"
  },
  {
    "id": "REG-E50OMYBGH",
    "tournamentId": "TID-0001",
    "playerNumber": 1,
    "fullName": "Karen Foster",
    "dateOfBirth": "16-07-1997",
    "gender": "Female",
    "phone": "0520304001",
    "email": "gilmoremary@barry-bauer.org",
    "address": "",
    "schoolOrEmployer": "",
    "playerPhoto": "",
    "emergencyContactName": "Not Provided",
    "emergencyContactRelationship": "Not Provided",
    "emergencyContactPhone": "Not Provided",
    "knownAllergies": "None",
    "priorMedicalConditions": "None",
    "currentMedications": "None",
    "medicalReleaseConsent": true,
    "playerSkillLevel": "Intermediate",
    "pastPerformance": "None",
    "waiversAcknowledged": true,
    "mediaConsentAcknowledged": true,
    "paymentScreenshot": "",
    "transactionId": "EXCEL-1755192885039-5",
    "assignedRound": {
      "label": "Round A",
      "roundNumber": 0
    },
    "createdAt": "2025-08-14T17:34:50.123Z"
  },
  {
    "id": "REG-5W7CVXH7E",
    "tournamentId": "TID-0001",
    "playerNumber": 1,
    "fullName": "Anna Johnson",
    "dateOfBirth": "20-10-2008",
    "gender": "Female",
    "phone": "3923279623",
    "email": "zbennett@yahoo.com",
    "address": "",
    "schoolOrEmployer": "",
    "playerPhoto": "",
    "emergencyContactName": "Not Provided",
    "emergencyContactRelationship": "Not Provided",
    "emergencyContactPhone": "Not Provided",
    "knownAllergies": "None",
    "priorMedicalConditions": "None",
    "currentMedications": "None",
    "medicalReleaseConsent": true,
    "playerSkillLevel": "Beginner",
    "pastPerformance": "None",
    "waiversAcknowledged": true,
    "mediaConsentAcknowledged": true,
    "paymentScreenshot": "",
    "transactionId": "EXCEL-1755192885040-6",
    "assignedRound": {
      "label": "Round A",
      "roundNumber": 0
    },
    "createdAt": "2025-08-14T17:34:50.126Z"
  },
  {
    "id": "REG-Y0CL7PKU3",
    "tournamentId": "TID-0001",
    "playerNumber": 1,
    "fullName": "Rhonda Avila",
    "dateOfBirth": "06-09-1991",
    "gender": "Female",
    "phone": "1848766250",
    "email": "adamscatherine@hotmail.com",
    "address": "",
    "schoolOrEmployer": "",
    "playerPhoto": "",
    "emergencyContactName": "Not Provided",
    "emergencyContactRelationship": "Not Provided",
    "emergencyContactPhone": "Not Provided",
    "knownAllergies": "None",
    "priorMedicalConditions": "None",
    "currentMedications": "None",
    "medicalReleaseConsent": true,
    "playerSkillLevel": "Beginner",
    "pastPerformance": "None",
    "waiversAcknowledged": true,
    "mediaConsentAcknowledged": true,
    "paymentScreenshot": "",
    "transactionId": "EXCEL-1755192885040-7",
    "assignedRound": {
      "label": "Round A",
      "roundNumber": 0
    },
    "createdAt": "2025-08-14T17:34:50.129Z"
  },
  {
    "id": "REG-8YZPPHGA3",
    "tournamentId": "TID-0001",
    "playerNumber": 1,
    "fullName": "Mr. Bryan Jones",
    "dateOfBirth": "24-06-1979",
    "gender": "Male",
    "phone": "8527367719",
    "email": "nelsonlinda@gmail.com",
    "address": "",
    "schoolOrEmployer": "",
    "playerPhoto": "",
    "emergencyContactName": "Not Provided",
    "emergencyContactRelationship": "Not Provided",
    "emergencyContactPhone": "Not Provided",
    "knownAllergies": "None",
    "priorMedicalConditions": "None",
    "currentMedications": "None",
    "medicalReleaseConsent": true,
    "playerSkillLevel": "Beginner",
    "pastPerformance": "None",
    "waiversAcknowledged": true,
    "mediaConsentAcknowledged": true,
    "paymentScreenshot": "",
    "transactionId": "EXCEL-1755192885040-8",
    "assignedRound": {
      "label": "Round A",
      "roundNumber": 0
    },
    "createdAt": "2025-08-14T17:34:50.131Z"
  },
  {
    "id": "REG-H42P5P55R",
    "tournamentId": "TID-0001",
    "playerNumber": 1,
    "fullName": "Levi Gibson",
    "dateOfBirth": "17-04-1984",
    "gender": "Male",
    "phone": "4797311810",
    "email": "bethjames@gmail.com",
    "address": "",
    "schoolOrEmployer": "",
    "playerPhoto": "",
    "emergencyContactName": "Not Provided",
    "emergencyContactRelationship": "Not Provided",
    "emergencyContactPhone": "Not Provided",
    "knownAllergies": "None",
    "priorMedicalConditions": "None",
    "currentMedications": "None",
    "medicalReleaseConsent": true,
    "playerSkillLevel": "Beginner",
    "pastPerformance": "None",
    "waiversAcknowledged": true,
    "mediaConsentAcknowledged": true,
    "paymentScreenshot": "",
    "transactionId": "EXCEL-1755192885040-9",
    "assignedRound": {
      "label": "Round A",
      "roundNumber": 0
    },
    "createdAt": "2025-08-14T17:34:50.134Z"
  },
  {
    "id": "REG-1G54T33MG",
    "tournamentId": "TID-0001",
    "playerNumber": 1,
    "fullName": "Amy Bradshaw",
    "dateOfBirth": "31-01-1986",
    "gender": "Male",
    "phone": "5879863231",
    "email": "ryan97@hotmail.com",
    "address": "",
    "schoolOrEmployer": "",
    "playerPhoto": "",
    "emergencyContactName": "Not Provided",
    "emergencyContactRelationship": "Not Provided",
    "emergencyContactPhone": "Not Provided",
    "knownAllergies": "None",
    "priorMedicalConditions": "None",
    "currentMedications": "None",
    "medicalReleaseConsent": true,
    "playerSkillLevel": "Beginner",
    "pastPerformance": "None",
    "waiversAcknowledged": true,
    "mediaConsentAcknowledged": true,
    "paymentScreenshot": "",
    "transactionId": "EXCEL-1755192885040-10",
    "assignedRound": {
      "label": "Round A",
      "roundNumber": 0
    },
    "createdAt": "2025-08-14T17:34:50.137Z"
  },
  {
    "id": "REG-569TY5OGZ",
    "tournamentId": "TID-0001",
    "playerNumber": 1,
    "fullName": "Erin Haynes",
    "dateOfBirth": "12-11-1989",
    "gender": "Female",
    "phone": "4872985107",
    "email": "maddenmichelle@yahoo.com",
    "address": "",
    "schoolOrEmployer": "",
    "playerPhoto": "",
    "emergencyContactName": "Not Provided",
    "emergencyContactRelationship": "Not Provided",
    "emergencyContactPhone": "Not Provided",
    "knownAllergies": "None",
    "priorMedicalConditions": "None",
    "currentMedications": "None",
    "medicalReleaseConsent": true,
    "playerSkillLevel": "Intermediate",
    "pastPerformance": "None",
    "waiversAcknowledged": true,
    "mediaConsentAcknowledged": true,
    "paymentScreenshot": "",
    "transactionId": "EXCEL-1755192885040-11",
    "assignedRound": {
      "label": "Round A",
      "roundNumber": 0
    },
    "createdAt": "2025-08-14T17:34:50.139Z"
  },
  {
    "id": "REG-6K0YEN6UO",
    "tournamentId": "TID-0001",
    "playerNumber": 1,
    "fullName": "Tara Walker",
    "dateOfBirth": "10-06-1975",
    "gender": "Male",
    "phone": "5096380385",
    "email": "nwright@burns.com",
    "address": "",
    "schoolOrEmployer": "",
    "playerPhoto": "",
    "emergencyContactName": "Not Provided",
    "emergencyContactRelationship": "Not Provided",
    "emergencyContactPhone": "Not Provided",
    "knownAllergies": "None",
    "priorMedicalConditions": "None",
    "currentMedications": "None",
    "medicalReleaseConsent": true,
    "playerSkillLevel": "Intermediate",
    "pastPerformance": "None",
    "waiversAcknowledged": true,
    "mediaConsentAcknowledged": true,
    "paymentScreenshot": "",
    "transactionId": "EXCEL-1755192885040-12",
    "assignedRound": {
      "label": "Round A",
      "roundNumber": 0
    },
    "createdAt": "2025-08-14T17:34:50.142Z"
  },
  {
    "id": "REG-L1EIUCFN1",
    "tournamentId": "TID-0001",
    "playerNumber": 1,
    "fullName": "Stephen Garcia",
    "dateOfBirth": "31-01-1981",
    "gender": "Female",
    "phone": "7562510273",
    "email": "charlestorres@yahoo.com",
    "address": "",
    "schoolOrEmployer": "",
    "playerPhoto": "",
    "emergencyContactName": "Not Provided",
    "emergencyContactRelationship": "Not Provided",
    "emergencyContactPhone": "Not Provided",
    "knownAllergies": "None",
    "priorMedicalConditions": "None",
    "currentMedications": "None",
    "medicalReleaseConsent": true,
    "playerSkillLevel": "Intermediate",
    "pastPerformance": "None",
    "waiversAcknowledged": true,
    "mediaConsentAcknowledged": true,
    "paymentScreenshot": "",
    "transactionId": "EXCEL-1755192885040-13",
    "assignedRound": {
      "label": "Round A",
      "roundNumber": 0
    },
    "createdAt": "2025-08-14T17:34:50.144Z"
  },
  {
    "id": "REG-2HST73DLY",
    "tournamentId": "TID-0001",
    "playerNumber": 1,
    "fullName": "Sara Hall",
    "dateOfBirth": "03-01-2000",
    "gender": "Female",
    "phone": "2957408646",
    "email": "tylermckenzie@hotmail.com",
    "address": "",
    "schoolOrEmployer": "",
    "playerPhoto": "",
    "emergencyContactName": "Not Provided",
    "emergencyContactRelationship": "Not Provided",
    "emergencyContactPhone": "Not Provided",
    "knownAllergies": "None",
    "priorMedicalConditions": "None",
    "currentMedications": "None",
    "medicalReleaseConsent": true,
    "playerSkillLevel": "Intermediate",
    "pastPerformance": "None",
    "waiversAcknowledged": true,
    "mediaConsentAcknowledged": true,
    "paymentScreenshot": "",
    "transactionId": "EXCEL-1755192885040-14",
    "assignedRound": {
      "label": "Round A",
      "roundNumber": 0
    },
    "createdAt": "2025-08-14T17:34:50.147Z"
  },
  {
    "id": "REG-Y0HYRZ1F6",
    "tournamentId": "TID-0001",
    "playerNumber": 1,
    "fullName": "Brady Washington",
    "dateOfBirth": "15-01-1983",
    "gender": "Female",
    "phone": "3885604811",
    "email": "tnelson@baker.com",
    "address": "",
    "schoolOrEmployer": "",
    "playerPhoto": "",
    "emergencyContactName": "Not Provided",
    "emergencyContactRelationship": "Not Provided",
    "emergencyContactPhone": "Not Provided",
    "knownAllergies": "None",
    "priorMedicalConditions": "None",
    "currentMedications": "None",
    "medicalReleaseConsent": true,
    "playerSkillLevel": "Advanced",
    "pastPerformance": "None",
    "waiversAcknowledged": true,
    "mediaConsentAcknowledged": true,
    "paymentScreenshot": "",
    "transactionId": "EXCEL-1755192885040-15",
    "assignedRound": {
      "label": "Round A",
      "roundNumber": 0
    },
    "createdAt": "2025-08-14T17:34:50.150Z"
  },
  {
    "id": "REG-LABYV2AXP",
    "tournamentId": "TID-0001",
    "playerNumber": 1,
    "fullName": "Kayla Moran",
    "dateOfBirth": "17-08-1988",
    "gender": "Female",
    "phone": "5725468197",
    "email": "ostone@jacobson.com",
    "address": "",
    "schoolOrEmployer": "",
    "playerPhoto": "",
    "emergencyContactName": "Not Provided",
    "emergencyContactRelationship": "Not Provided",
    "emergencyContactPhone": "Not Provided",
    "knownAllergies": "None",
    "priorMedicalConditions": "None",
    "currentMedications": "None",
    "medicalReleaseConsent": true,
    "playerSkillLevel": "Advanced",
    "pastPerformance": "None",
    "waiversAcknowledged": true,
    "mediaConsentAcknowledged": true,
    "paymentScreenshot": "",
    "transactionId": "EXCEL-1755192885040-16",
    "assignedRound": {
      "label": "Round A",
      "roundNumber": 0
    },
    "createdAt": "2025-08-14T17:34:50.154Z"
  },
  {
    "id": "REG-XFZLM3C5V",
    "tournamentId": "TID-0001",
    "playerNumber": 1,
    "fullName": "Steven Wilson",
    "dateOfBirth": "07-04-1993",
    "gender": "Male",
    "phone": "1819835176",
    "email": "dsanders@lee-wells.com",
    "address": "",
    "schoolOrEmployer": "",
    "playerPhoto": "",
    "emergencyContactName": "Not Provided",
    "emergencyContactRelationship": "Not Provided",
    "emergencyContactPhone": "Not Provided",
    "knownAllergies": "None",
    "priorMedicalConditions": "None",
    "currentMedications": "None",
    "medicalReleaseConsent": true,
    "playerSkillLevel": "Advanced",
    "pastPerformance": "None",
    "waiversAcknowledged": true,
    "mediaConsentAcknowledged": true,
    "paymentScreenshot": "",
    "transactionId": "EXCEL-1755192885040-17",
    "assignedRound": {
      "label": "Round A",
      "roundNumber": 0
    },
    "createdAt": "2025-08-14T17:34:50.160Z"
  },
  {
    "id": "REG-0LT6DOIHE",
    "tournamentId": "TID-0001",
    "playerNumber": 1,
    "fullName": "Lance Richardson",
    "dateOfBirth": "01-12-1987",
    "gender": "Male",
    "phone": "3849593769",
    "email": "murphysarah@murphy.com",
    "address": "",
    "schoolOrEmployer": "",
    "playerPhoto": "",
    "emergencyContactName": "Not Provided",
    "emergencyContactRelationship": "Not Provided",
    "emergencyContactPhone": "Not Provided",
    "knownAllergies": "None",
    "priorMedicalConditions": "None",
    "currentMedications": "None",
    "medicalReleaseConsent": true,
    "playerSkillLevel": "Advanced",
    "pastPerformance": "None",
    "waiversAcknowledged": true,
    "mediaConsentAcknowledged": true,
    "paymentScreenshot": "",
    "transactionId": "EXCEL-1755192885040-18",
    "assignedRound": {
      "label": "Round A",
      "roundNumber": 0
    },
    "createdAt": "2025-08-14T17:34:50.164Z"
  },
  {
    "id": "REG-FOMRN6NPK",
    "tournamentId": "TID-0001",
    "playerNumber": 1,
    "fullName": "Samantha Weaver",
    "dateOfBirth": "20-04-1982",
    "gender": "Male",
    "phone": "2710155929",
    "email": "douglasmelton@wagner.com",
    "address": "",
    "schoolOrEmployer": "",
    "playerPhoto": "",
    "emergencyContactName": "Not Provided",
    "emergencyContactRelationship": "Not Provided",
    "emergencyContactPhone": "Not Provided",
    "knownAllergies": "None",
    "priorMedicalConditions": "None",
    "currentMedications": "None",
    "medicalReleaseConsent": true,
    "playerSkillLevel": "Beginner",
    "pastPerformance": "None",
    "waiversAcknowledged": true,
    "mediaConsentAcknowledged": true,
    "paymentScreenshot": "",
    "transactionId": "EXCEL-1755192885040-19",
    "assignedRound": {
      "label": "Round A",
      "roundNumber": 0
    },
    "createdAt": "2025-08-14T17:34:50.169Z"
  },
  {
    "id": "REG-3D20NBXEP",
    "tournamentId": "TID-0001",
    "playerNumber": 1,
    "fullName": "Alan King",
    "dateOfBirth": "19-09-1976",
    "gender": "Male",
    "phone": "2548974423",
    "email": "ortizkathryn@fields-harris.com",
    "address": "",
    "schoolOrEmployer": "",
    "playerPhoto": "",
    "emergencyContactName": "Not Provided",
    "emergencyContactRelationship": "Not Provided",
    "emergencyContactPhone": "Not Provided",
    "knownAllergies": "None",
    "priorMedicalConditions": "None",
    "currentMedications": "None",
    "medicalReleaseConsent": true,
    "playerSkillLevel": "Intermediate",
    "pastPerformance": "None",
    "waiversAcknowledged": true,
    "mediaConsentAcknowledged": true,
    "paymentScreenshot": "",
    "transactionId": "EXCEL-1755192885040-20",
    "assignedRound": {
      "label": "Round A",
      "roundNumber": 0
    },
    "createdAt": "2025-08-14T17:34:50.172Z"
  },
  {
    "id": "REG-2Z3KU2YO0",
    "tournamentId": "TID-0001",
    "playerNumber": 1,
    "fullName": "Laura Olson",
    "dateOfBirth": "27-06-1978",
    "gender": "Male",
    "phone": "9298474859",
    "email": "williamslarry@gmail.com",
    "address": "",
    "schoolOrEmployer": "",
    "playerPhoto": "",
    "emergencyContactName": "Not Provided",
    "emergencyContactRelationship": "Not Provided",
    "emergencyContactPhone": "Not Provided",
    "knownAllergies": "None",
    "priorMedicalConditions": "None",
    "currentMedications": "None",
    "medicalReleaseConsent": true,
    "playerSkillLevel": "Beginner",
    "pastPerformance": "None",
    "waiversAcknowledged": true,
    "mediaConsentAcknowledged": true,
    "paymentScreenshot": "",
    "transactionId": "EXCEL-1755192885040-21",
    "assignedRound": {
      "label": "Round A",
      "roundNumber": 0
    },
    "createdAt": "2025-08-14T17:34:50.175Z"
  },
  {
    "id": "REG-XDW7138H7",
    "tournamentId": "TID-0001",
    "playerNumber": 1,
    "fullName": "Daniel Miller",
    "dateOfBirth": "15-10-1985",
    "gender": "Male",
    "phone": "9707393642",
    "email": "yedwards@yahoo.com",
    "address": "",
    "schoolOrEmployer": "",
    "playerPhoto": "",
    "emergencyContactName": "Not Provided",
    "emergencyContactRelationship": "Not Provided",
    "emergencyContactPhone": "Not Provided",
    "knownAllergies": "None",
    "priorMedicalConditions": "None",
    "currentMedications": "None",
    "medicalReleaseConsent": true,
    "playerSkillLevel": "Beginner",
    "pastPerformance": "None",
    "waiversAcknowledged": true,
    "mediaConsentAcknowledged": true,
    "paymentScreenshot": "",
    "transactionId": "EXCEL-1755192885040-22",
    "assignedRound": {
      "label": "Round A",
      "roundNumber": 0
    },
    "createdAt": "2025-08-14T17:34:50.177Z"
  },
  {
    "id": "REG-UAUCCPBV1",
    "tournamentId": "TID-0001",
    "playerNumber": 1,
    "fullName": "Lee Martinez",
    "dateOfBirth": "23-12-1993",
    "gender": "Male",
    "phone": "8127605386",
    "email": "brooke15@yahoo.com",
    "address": "",
    "schoolOrEmployer": "",
    "playerPhoto": "",
    "emergencyContactName": "Not Provided",
    "emergencyContactRelationship": "Not Provided",
    "emergencyContactPhone": "Not Provided",
    "knownAllergies": "None",
    "priorMedicalConditions": "None",
    "currentMedications": "None",
    "medicalReleaseConsent": true,
    "playerSkillLevel": "Beginner",
    "pastPerformance": "None",
    "waiversAcknowledged": true,
    "mediaConsentAcknowledged": true,
    "paymentScreenshot": "",
    "transactionId": "EXCEL-1755192885040-23",
    "assignedRound": {
      "label": "Round A",
      "roundNumber": 0
    },
    "createdAt": "2025-08-14T17:34:50.182Z"
  },
  {
    "id": "REG-8PQU0LNY4",
    "tournamentId": "TID-0001",
    "playerNumber": 1,
    "fullName": "Ernest Townsend",
    "dateOfBirth": "29-01-2000",
    "gender": "Male",
    "phone": "7737877611",
    "email": "khodge@fuentes.org",
    "address": "",
    "schoolOrEmployer": "",
    "playerPhoto": "",
    "emergencyContactName": "Not Provided",
    "emergencyContactRelationship": "Not Provided",
    "emergencyContactPhone": "Not Provided",
    "knownAllergies": "None",
    "priorMedicalConditions": "None",
    "currentMedications": "None",
    "medicalReleaseConsent": true,
    "playerSkillLevel": "Advanced",
    "pastPerformance": "None",
    "waiversAcknowledged": true,
    "mediaConsentAcknowledged": true,
    "paymentScreenshot": "",
    "transactionId": "EXCEL-1755192885040-24",
    "assignedRound": {
      "label": "Round A",
      "roundNumber": 0
    },
    "createdAt": "2025-08-14T17:34:50.192Z"
  },
  {
    "id": "REG-FE5UJHEZG",
    "tournamentId": "TID-0001",
    "playerNumber": 1,
    "fullName": "Jenna Brooks",
    "dateOfBirth": "04-10-1990",
    "gender": "Female",
    "phone": "9345918530",
    "email": "adam44@williams-hull.biz",
    "address": "",
    "schoolOrEmployer": "",
    "playerPhoto": "",
    "emergencyContactName": "Not Provided",
    "emergencyContactRelationship": "Not Provided",
    "emergencyContactPhone": "Not Provided",
    "knownAllergies": "None",
    "priorMedicalConditions": "None",
    "currentMedications": "None",
    "medicalReleaseConsent": true,
    "playerSkillLevel": "Beginner",
    "pastPerformance": "None",
    "waiversAcknowledged": true,
    "mediaConsentAcknowledged": true,
    "paymentScreenshot": "",
    "transactionId": "EXCEL-1755192885040-25",
    "assignedRound": {
      "label": "Round A",
      "roundNumber": 0
    },
    "createdAt": "2025-08-14T17:34:50.206Z"
  },
  {
    "id": "REG-F4DWSHE11",
    "tournamentId": "TID-0001",
    "playerNumber": 1,
    "fullName": "Thomas Wilson",
    "dateOfBirth": "03-05-1987",
    "gender": "Male",
    "phone": "2420831962",
    "email": "ehawkins@gmail.com",
    "address": "",
    "schoolOrEmployer": "",
    "playerPhoto": "",
    "emergencyContactName": "Not Provided",
    "emergencyContactRelationship": "Not Provided",
    "emergencyContactPhone": "Not Provided",
    "knownAllergies": "None",
    "priorMedicalConditions": "None",
    "currentMedications": "None",
    "medicalReleaseConsent": true,
    "playerSkillLevel": "Beginner",
    "pastPerformance": "None",
    "waiversAcknowledged": true,
    "mediaConsentAcknowledged": true,
    "paymentScreenshot": "",
    "transactionId": "EXCEL-1755192885040-26",
    "assignedRound": {
      "label": "Round A",
      "roundNumber": 0
    },
    "createdAt": "2025-08-14T17:34:50.213Z"
  },
  {
    "id": "REG-PZ8TMFBKT",
    "tournamentId": "TID-0001",
    "playerNumber": 1,
    "fullName": "Katie Keller",
    "dateOfBirth": "11-11-1987",
    "gender": "Female",
    "phone": "6351915598",
    "email": "shelbyreynolds@crosby-moore.biz",
    "address": "",
    "schoolOrEmployer": "",
    "playerPhoto": "",
    "emergencyContactName": "Not Provided",
    "emergencyContactRelationship": "Not Provided",
    "emergencyContactPhone": "Not Provided",
    "knownAllergies": "None",
    "priorMedicalConditions": "None",
    "currentMedications": "None",
    "medicalReleaseConsent": true,
    "playerSkillLevel": "Advanced",
    "pastPerformance": "None",
    "waiversAcknowledged": true,
    "mediaConsentAcknowledged": true,
    "paymentScreenshot": "",
    "transactionId": "EXCEL-1755192885040-27",
    "assignedRound": {
      "label": "Round A",
      "roundNumber": 0
    },
    "createdAt": "2025-08-14T17:34:50.216Z"
  },
  {
    "id": "REG-HKUCDP5C1",
    "tournamentId": "TID-0001",
    "playerNumber": 1,
    "fullName": "David Roberts",
    "dateOfBirth": "23-10-1995",
    "gender": "Female",
    "phone": "7648520407",
    "email": "david25@alvarado.info",
    "address": "",
    "schoolOrEmployer": "",
    "playerPhoto": "",
    "emergencyContactName": "Not Provided",
    "emergencyContactRelationship": "Not Provided",
    "emergencyContactPhone": "Not Provided",
    "knownAllergies": "None",
    "priorMedicalConditions": "None",
    "currentMedications": "None",
    "medicalReleaseConsent": true,
    "playerSkillLevel": "Beginner",
    "pastPerformance": "None",
    "waiversAcknowledged": true,
    "mediaConsentAcknowledged": true,
    "paymentScreenshot": "",
    "transactionId": "EXCEL-1755192885040-28",
    "assignedRound": {
      "label": "Round A",
      "roundNumber": 0
    },
    "createdAt": "2025-08-14T17:34:50.220Z"
  },
  {
    "id": "REG-D1B44DFXS",
    "tournamentId": "TID-0001",
    "playerNumber": 1,
    "fullName": "Kenneth Woods",
    "dateOfBirth": "29-11-1999",
    "gender": "Female",
    "phone": "4678639674",
    "email": "melissa51@hotmail.com",
    "address": "",
    "schoolOrEmployer": "",
    "playerPhoto": "",
    "emergencyContactName": "Not Provided",
    "emergencyContactRelationship": "Not Provided",
    "emergencyContactPhone": "Not Provided",
    "knownAllergies": "None",
    "priorMedicalConditions": "None",
    "currentMedications": "None",
    "medicalReleaseConsent": true,
    "playerSkillLevel": "Intermediate",
    "pastPerformance": "None",
    "waiversAcknowledged": true,
    "mediaConsentAcknowledged": true,
    "paymentScreenshot": "",
    "transactionId": "EXCEL-1755192885040-29",
    "assignedRound": {
      "label": "Round A",
      "roundNumber": 0
    },
    "createdAt": "2025-08-14T17:34:50.224Z"
  },
  {
    "id": "REG-7UKJ9B9DB",
    "tournamentId": "TID-0001",
    "playerNumber": 1,
    "fullName": "Mike Smith",
    "dateOfBirth": "20-06-1996",
    "gender": "Female",
    "phone": "0667890954",
    "email": "norrisjessica@griffin-porter.com",
    "address": "",
    "schoolOrEmployer": "",
    "playerPhoto": "",
    "emergencyContactName": "Not Provided",
    "emergencyContactRelationship": "Not Provided",
    "emergencyContactPhone": "Not Provided",
    "knownAllergies": "None",
    "priorMedicalConditions": "None",
    "currentMedications": "None",
    "medicalReleaseConsent": true,
    "playerSkillLevel": "Advanced",
    "pastPerformance": "None",
    "waiversAcknowledged": true,
    "mediaConsentAcknowledged": true,
    "paymentScreenshot": "",
    "transactionId": "EXCEL-1755192885040-30",
    "assignedRound": {
      "label": "Round A",
      "roundNumber": 0
    },
    "createdAt": "2025-08-14T17:34:50.229Z"
  },
  {
    "id": "REG-4OMLCFZMW",
    "tournamentId": "TID-0001",
    "playerNumber": 1,
    "fullName": "Jerry Tate",
    "dateOfBirth": "27-07-1979",
    "gender": "Female",
    "phone": "2101869016",
    "email": "jasmine61@hotmail.com",
    "address": "",
    "schoolOrEmployer": "",
    "playerPhoto": "",
    "emergencyContactName": "Not Provided",
    "emergencyContactRelationship": "Not Provided",
    "emergencyContactPhone": "Not Provided",
    "knownAllergies": "None",
    "priorMedicalConditions": "None",
    "currentMedications": "None",
    "medicalReleaseConsent": true,
    "playerSkillLevel": "Beginner",
    "pastPerformance": "None",
    "waiversAcknowledged": true,
    "mediaConsentAcknowledged": true,
    "paymentScreenshot": "",
    "transactionId": "EXCEL-1755192885040-31",
    "assignedRound": {
      "label": "Round A",
      "roundNumber": 0
    },
    "createdAt": "2025-08-14T17:34:50.233Z"
  },
  {
    "id": "REG-7JK66MR2T",
    "tournamentId": "TID-1024",
    "playerNumber": 1,
    "fullName": "Patricia Chang",
    "dateOfBirth": "01-11-1990",
    "gender": "Female",
    "phone": "4952707426",
    "email": "johnsonjacob@gonzalez.com",
    "address": "",
    "schoolOrEmployer": "",
    "playerPhoto": "",
    "emergencyContactName": "Not Provided",
    "emergencyContactRelationship": "Not Provided",
    "emergencyContactPhone": "Not Provided",
    "knownAllergies": "None",
    "priorMedicalConditions": "None",
    "currentMedications": "None",
    "medicalReleaseConsent": true,
    "playerSkillLevel": "Beginner",
    "pastPerformance": "None",
    "waiversAcknowledged": true,
    "mediaConsentAcknowledged": true,
    "paymentScreenshot": "",
    "transactionId": "EXCEL-1755269749511-0",
    "assignedRound": {
      "label": "Round A",
      "roundNumber": 0
    },
    "createdAt": "2025-08-15T14:55:57.177Z"
  },
  {
    "id": "REG-S76BN5PGC",
    "tournamentId": "TID-1024",
    "playerNumber": 1,
    "fullName": "Kevin Smith",
    "dateOfBirth": "05-02-1977",
    "gender": "Female",
    "phone": "6659610880",
    "email": "michael56@hotmail.com",
    "address": "",
    "schoolOrEmployer": "",
    "playerPhoto": "",
    "emergencyContactName": "Not Provided",
    "emergencyContactRelationship": "Not Provided",
    "emergencyContactPhone": "Not Provided",
    "knownAllergies": "None",
    "priorMedicalConditions": "None",
    "currentMedications": "None",
    "medicalReleaseConsent": true,
    "playerSkillLevel": "Intermediate",
    "pastPerformance": "None",
    "waiversAcknowledged": true,
    "mediaConsentAcknowledged": true,
    "paymentScreenshot": "",
    "transactionId": "EXCEL-1755269749511-1",
    "assignedRound": {
      "label": "Round A",
      "roundNumber": 0
    },
    "createdAt": "2025-08-15T14:55:57.182Z"
  },
  {
    "id": "REG-O3N7Q856K",
    "tournamentId": "TID-1024",
    "playerNumber": 1,
    "fullName": "Katrina May",
    "dateOfBirth": "27-07-1991",
    "gender": "Male",
    "phone": "4331464888",
    "email": "kellerchristina@gmail.com",
    "address": "",
    "schoolOrEmployer": "",
    "playerPhoto": "",
    "emergencyContactName": "Not Provided",
    "emergencyContactRelationship": "Not Provided",
    "emergencyContactPhone": "Not Provided",
    "knownAllergies": "None",
    "priorMedicalConditions": "None",
    "currentMedications": "None",
    "medicalReleaseConsent": true,
    "playerSkillLevel": "Advanced",
    "pastPerformance": "None",
    "waiversAcknowledged": true,
    "mediaConsentAcknowledged": true,
    "paymentScreenshot": "",
    "transactionId": "EXCEL-1755269749511-2",
    "assignedRound": {
      "label": "Round A",
      "roundNumber": 0
    },
    "createdAt": "2025-08-15T14:55:57.187Z"
  },
  {
    "id": "REG-PTGVZWO57",
    "tournamentId": "TID-1024",
    "playerNumber": 1,
    "fullName": "Kimberly Williams",
    "dateOfBirth": "08-03-2009",
    "gender": "Female",
    "phone": "8925567713",
    "email": "davidmiller@briggs-burns.com",
    "address": "",
    "schoolOrEmployer": "",
    "playerPhoto": "",
    "emergencyContactName": "Not Provided",
    "emergencyContactRelationship": "Not Provided",
    "emergencyContactPhone": "Not Provided",
    "knownAllergies": "None",
    "priorMedicalConditions": "None",
    "currentMedications": "None",
    "medicalReleaseConsent": true,
    "playerSkillLevel": "Advanced",
    "pastPerformance": "None",
    "waiversAcknowledged": true,
    "mediaConsentAcknowledged": true,
    "paymentScreenshot": "",
    "transactionId": "EXCEL-1755269749511-3",
    "assignedRound": {
      "label": "Round A",
      "roundNumber": 0
    },
    "createdAt": "2025-08-15T14:55:57.192Z"
  },
  {
    "id": "REG-MWXAYQKKY",
    "tournamentId": "TID-1024",
    "playerNumber": 1,
    "fullName": "Heather Cohen",
    "dateOfBirth": "11-12-2012",
    "gender": "Female",
    "phone": "6641778796",
    "email": "mpeterson@gmail.com",
    "address": "",
    "schoolOrEmployer": "",
    "playerPhoto": "",
    "emergencyContactName": "Not Provided",
    "emergencyContactRelationship": "Not Provided",
    "emergencyContactPhone": "Not Provided",
    "knownAllergies": "None",
    "priorMedicalConditions": "None",
    "currentMedications": "None",
    "medicalReleaseConsent": true,
    "playerSkillLevel": "Beginner",
    "pastPerformance": "None",
    "waiversAcknowledged": true,
    "mediaConsentAcknowledged": true,
    "paymentScreenshot": "",
    "transactionId": "EXCEL-1755269749511-4",
    "assignedRound": {
      "label": "Round A",
      "roundNumber": 0
    },
    "createdAt": "2025-08-15T14:55:57.196Z"
  },
  {
    "id": "REG-DKET7SCNB",
    "tournamentId": "TID-1024",
    "playerNumber": 1,
    "fullName": "Karen Foster",
    "dateOfBirth": "16-07-1997",
    "gender": "Female",
    "phone": "0520304001",
    "email": "gilmoremary@barry-bauer.org",
    "address": "",
    "schoolOrEmployer": "",
    "playerPhoto": "",
    "emergencyContactName": "Not Provided",
    "emergencyContactRelationship": "Not Provided",
    "emergencyContactPhone": "Not Provided",
    "knownAllergies": "None",
    "priorMedicalConditions": "None",
    "currentMedications": "None",
    "medicalReleaseConsent": true,
    "playerSkillLevel": "Intermediate",
    "pastPerformance": "None",
    "waiversAcknowledged": true,
    "mediaConsentAcknowledged": true,
    "paymentScreenshot": "",
    "transactionId": "EXCEL-1755269749511-5",
    "assignedRound": {
      "label": "Round A",
      "roundNumber": 0
    },
    "createdAt": "2025-08-15T14:55:57.200Z"
  },
  {
    "id": "REG-LWC7LVAWN",
    "tournamentId": "TID-1024",
    "playerNumber": 1,
    "fullName": "Anna Johnson",
    "dateOfBirth": "20-10-2008",
    "gender": "Female",
    "phone": "3923279623",
    "email": "zbennett@yahoo.com",
    "address": "",
    "schoolOrEmployer": "",
    "playerPhoto": "",
    "emergencyContactName": "Not Provided",
    "emergencyContactRelationship": "Not Provided",
    "emergencyContactPhone": "Not Provided",
    "knownAllergies": "None",
    "priorMedicalConditions": "None",
    "currentMedications": "None",
    "medicalReleaseConsent": true,
    "playerSkillLevel": "Beginner",
    "pastPerformance": "None",
    "waiversAcknowledged": true,
    "mediaConsentAcknowledged": true,
    "paymentScreenshot": "",
    "transactionId": "EXCEL-1755269749511-6",
    "assignedRound": {
      "label": "Round A",
      "roundNumber": 0
    },
    "createdAt": "2025-08-15T14:55:57.203Z"
  },
  {
    "id": "REG-2Z6N9EUJP",
    "tournamentId": "TID-1024",
    "playerNumber": 1,
    "fullName": "Rhonda Avila",
    "dateOfBirth": "06-09-1991",
    "gender": "Female",
    "phone": "1848766250",
    "email": "adamscatherine@hotmail.com",
    "address": "",
    "schoolOrEmployer": "",
    "playerPhoto": "",
    "emergencyContactName": "Not Provided",
    "emergencyContactRelationship": "Not Provided",
    "emergencyContactPhone": "Not Provided",
    "knownAllergies": "None",
    "priorMedicalConditions": "None",
    "currentMedications": "None",
    "medicalReleaseConsent": true,
    "playerSkillLevel": "Beginner",
    "pastPerformance": "None",
    "waiversAcknowledged": true,
    "mediaConsentAcknowledged": true,
    "paymentScreenshot": "",
    "transactionId": "EXCEL-1755269749512-7",
    "assignedRound": {
      "label": "Round A",
      "roundNumber": 0
    },
    "createdAt": "2025-08-15T14:55:57.206Z"
  },
  {
    "id": "REG-27OHKKZUP",
    "tournamentId": "TID-1024",
    "playerNumber": 1,
    "fullName": "Mr. Bryan Jones",
    "dateOfBirth": "24-06-1979",
    "gender": "Male",
    "phone": "8527367719",
    "email": "nelsonlinda@gmail.com",
    "address": "",
    "schoolOrEmployer": "",
    "playerPhoto": "",
    "emergencyContactName": "Not Provided",
    "emergencyContactRelationship": "Not Provided",
    "emergencyContactPhone": "Not Provided",
    "knownAllergies": "None",
    "priorMedicalConditions": "None",
    "currentMedications": "None",
    "medicalReleaseConsent": true,
    "playerSkillLevel": "Beginner",
    "pastPerformance": "None",
    "waiversAcknowledged": true,
    "mediaConsentAcknowledged": true,
    "paymentScreenshot": "",
    "transactionId": "EXCEL-1755269749512-8",
    "assignedRound": {
      "label": "Round A",
      "roundNumber": 0
    },
    "createdAt": "2025-08-15T14:55:57.210Z"
  },
  {
    "id": "REG-SELB47E5C",
    "tournamentId": "TID-1024",
    "playerNumber": 1,
    "fullName": "Levi Gibson",
    "dateOfBirth": "17-04-1984",
    "gender": "Male",
    "phone": "4797311810",
    "email": "bethjames@gmail.com",
    "address": "",
    "schoolOrEmployer": "",
    "playerPhoto": "",
    "emergencyContactName": "Not Provided",
    "emergencyContactRelationship": "Not Provided",
    "emergencyContactPhone": "Not Provided",
    "knownAllergies": "None",
    "priorMedicalConditions": "None",
    "currentMedications": "None",
    "medicalReleaseConsent": true,
    "playerSkillLevel": "Beginner",
    "pastPerformance": "None",
    "waiversAcknowledged": true,
    "mediaConsentAcknowledged": true,
    "paymentScreenshot": "",
    "transactionId": "EXCEL-1755269749512-9",
    "assignedRound": {
      "label": "Round A",
      "roundNumber": 0
    },
    "createdAt": "2025-08-15T14:55:57.213Z"
  },
  {
    "id": "REG-9X2LN5OMT",
    "tournamentId": "TID-1024",
    "playerNumber": 1,
    "fullName": "Amy Bradshaw",
    "dateOfBirth": "31-01-1986",
    "gender": "Male",
    "phone": "5879863231",
    "email": "ryan97@hotmail.com",
    "address": "",
    "schoolOrEmployer": "",
    "playerPhoto": "",
    "emergencyContactName": "Not Provided",
    "emergencyContactRelationship": "Not Provided",
    "emergencyContactPhone": "Not Provided",
    "knownAllergies": "None",
    "priorMedicalConditions": "None",
    "currentMedications": "None",
    "medicalReleaseConsent": true,
    "playerSkillLevel": "Beginner",
    "pastPerformance": "None",
    "waiversAcknowledged": true,
    "mediaConsentAcknowledged": true,
    "paymentScreenshot": "",
    "transactionId": "EXCEL-1755269749512-10",
    "assignedRound": {
      "label": "Round A",
      "roundNumber": 0
    },
    "createdAt": "2025-08-15T14:55:57.217Z"
  },
  {
    "id": "REG-MQO4B5D8M",
    "tournamentId": "TID-1024",
    "playerNumber": 1,
    "fullName": "Erin Haynes",
    "dateOfBirth": "12-11-1989",
    "gender": "Female",
    "phone": "4872985107",
    "email": "maddenmichelle@yahoo.com",
    "address": "",
    "schoolOrEmployer": "",
    "playerPhoto": "",
    "emergencyContactName": "Not Provided",
    "emergencyContactRelationship": "Not Provided",
    "emergencyContactPhone": "Not Provided",
    "knownAllergies": "None",
    "priorMedicalConditions": "None",
    "currentMedications": "None",
    "medicalReleaseConsent": true,
    "playerSkillLevel": "Intermediate",
    "pastPerformance": "None",
    "waiversAcknowledged": true,
    "mediaConsentAcknowledged": true,
    "paymentScreenshot": "",
    "transactionId": "EXCEL-1755269749512-11",
    "assignedRound": {
      "label": "Round A",
      "roundNumber": 0
    },
    "createdAt": "2025-08-15T14:55:57.220Z"
  },
  {
    "id": "REG-ST4VUF2Q8",
    "tournamentId": "TID-1024",
    "playerNumber": 1,
    "fullName": "Tara Walker",
    "dateOfBirth": "10-06-1975",
    "gender": "Male",
    "phone": "5096380385",
    "email": "nwright@burns.com",
    "address": "",
    "schoolOrEmployer": "",
    "playerPhoto": "",
    "emergencyContactName": "Not Provided",
    "emergencyContactRelationship": "Not Provided",
    "emergencyContactPhone": "Not Provided",
    "knownAllergies": "None",
    "priorMedicalConditions": "None",
    "currentMedications": "None",
    "medicalReleaseConsent": true,
    "playerSkillLevel": "Intermediate",
    "pastPerformance": "None",
    "waiversAcknowledged": true,
    "mediaConsentAcknowledged": true,
    "paymentScreenshot": "",
    "transactionId": "EXCEL-1755269749512-12",
    "assignedRound": {
      "label": "Round A",
      "roundNumber": 0
    },
    "createdAt": "2025-08-15T14:55:57.223Z"
  },
  {
    "id": "REG-6QOJDX0Q7",
    "tournamentId": "TID-1024",
    "playerNumber": 1,
    "fullName": "Stephen Garcia",
    "dateOfBirth": "31-01-1981",
    "gender": "Female",
    "phone": "7562510273",
    "email": "charlestorres@yahoo.com",
    "address": "",
    "schoolOrEmployer": "",
    "playerPhoto": "",
    "emergencyContactName": "Not Provided",
    "emergencyContactRelationship": "Not Provided",
    "emergencyContactPhone": "Not Provided",
    "knownAllergies": "None",
    "priorMedicalConditions": "None",
    "currentMedications": "None",
    "medicalReleaseConsent": true,
    "playerSkillLevel": "Intermediate",
    "pastPerformance": "None",
    "waiversAcknowledged": true,
    "mediaConsentAcknowledged": true,
    "paymentScreenshot": "",
    "transactionId": "EXCEL-1755269749512-13",
    "assignedRound": {
      "label": "Round A",
      "roundNumber": 0
    },
    "createdAt": "2025-08-15T14:55:57.225Z"
  },
  {
    "id": "REG-G3AMA9ZM9",
    "tournamentId": "TID-1024",
    "playerNumber": 1,
    "fullName": "Sara Hall",
    "dateOfBirth": "03-01-2000",
    "gender": "Female",
    "phone": "2957408646",
    "email": "tylermckenzie@hotmail.com",
    "address": "",
    "schoolOrEmployer": "",
    "playerPhoto": "",
    "emergencyContactName": "Not Provided",
    "emergencyContactRelationship": "Not Provided",
    "emergencyContactPhone": "Not Provided",
    "knownAllergies": "None",
    "priorMedicalConditions": "None",
    "currentMedications": "None",
    "medicalReleaseConsent": true,
    "playerSkillLevel": "Intermediate",
    "pastPerformance": "None",
    "waiversAcknowledged": true,
    "mediaConsentAcknowledged": true,
    "paymentScreenshot": "",
    "transactionId": "EXCEL-1755269749512-14",
    "assignedRound": {
      "label": "Round A",
      "roundNumber": 0
    },
    "createdAt": "2025-08-15T14:55:57.229Z"
  },
  {
    "id": "REG-5ABBA4X5K",
    "tournamentId": "TID-1024",
    "playerNumber": 1,
    "fullName": "Brady Washington",
    "dateOfBirth": "15-01-1983",
    "gender": "Female",
    "phone": "3885604811",
    "email": "tnelson@baker.com",
    "address": "",
    "schoolOrEmployer": "",
    "playerPhoto": "",
    "emergencyContactName": "Not Provided",
    "emergencyContactRelationship": "Not Provided",
    "emergencyContactPhone": "Not Provided",
    "knownAllergies": "None",
    "priorMedicalConditions": "None",
    "currentMedications": "None",
    "medicalReleaseConsent": true,
    "playerSkillLevel": "Advanced",
    "pastPerformance": "None",
    "waiversAcknowledged": true,
    "mediaConsentAcknowledged": true,
    "paymentScreenshot": "",
    "transactionId": "EXCEL-1755269749512-15",
    "assignedRound": {
      "label": "Round A",
      "roundNumber": 0
    },
    "createdAt": "2025-08-15T14:55:57.232Z"
  },
  {
    "id": "REG-RLUN97RTT",
    "tournamentId": "TID-1024",
    "playerNumber": 1,
    "fullName": "Kayla Moran",
    "dateOfBirth": "17-08-1988",
    "gender": "Female",
    "phone": "5725468197",
    "email": "ostone@jacobson.com",
    "address": "",
    "schoolOrEmployer": "",
    "playerPhoto": "",
    "emergencyContactName": "Not Provided",
    "emergencyContactRelationship": "Not Provided",
    "emergencyContactPhone": "Not Provided",
    "knownAllergies": "None",
    "priorMedicalConditions": "None",
    "currentMedications": "None",
    "medicalReleaseConsent": true,
    "playerSkillLevel": "Advanced",
    "pastPerformance": "None",
    "waiversAcknowledged": true,
    "mediaConsentAcknowledged": true,
    "paymentScreenshot": "",
    "transactionId": "EXCEL-1755269749512-16",
    "assignedRound": {
      "label": "Round A",
      "roundNumber": 0
    },
    "createdAt": "2025-08-15T14:55:57.236Z"
  },
  {
    "id": "REG-1YTDWCQOE",
    "tournamentId": "TID-1024",
    "playerNumber": 1,
    "fullName": "Steven Wilson",
    "dateOfBirth": "07-04-1993",
    "gender": "Male",
    "phone": "1819835176",
    "email": "dsanders@lee-wells.com",
    "address": "",
    "schoolOrEmployer": "",
    "playerPhoto": "",
    "emergencyContactName": "Not Provided",
    "emergencyContactRelationship": "Not Provided",
    "emergencyContactPhone": "Not Provided",
    "knownAllergies": "None",
    "priorMedicalConditions": "None",
    "currentMedications": "None",
    "medicalReleaseConsent": true,
    "playerSkillLevel": "Advanced",
    "pastPerformance": "None",
    "waiversAcknowledged": true,
    "mediaConsentAcknowledged": true,
    "paymentScreenshot": "",
    "transactionId": "EXCEL-1755269749512-17",
    "assignedRound": {
      "label": "Round A",
      "roundNumber": 0
    },
    "createdAt": "2025-08-15T14:55:57.238Z"
  },
  {
    "id": "REG-431BOZFBB",
    "tournamentId": "TID-1024",
    "playerNumber": 1,
    "fullName": "Lance Richardson",
    "dateOfBirth": "01-12-1987",
    "gender": "Male",
    "phone": "3849593769",
    "email": "murphysarah@murphy.com",
    "address": "",
    "schoolOrEmployer": "",
    "playerPhoto": "",
    "emergencyContactName": "Not Provided",
    "emergencyContactRelationship": "Not Provided",
    "emergencyContactPhone": "Not Provided",
    "knownAllergies": "None",
    "priorMedicalConditions": "None",
    "currentMedications": "None",
    "medicalReleaseConsent": true,
    "playerSkillLevel": "Advanced",
    "pastPerformance": "None",
    "waiversAcknowledged": true,
    "mediaConsentAcknowledged": true,
    "paymentScreenshot": "",
    "transactionId": "EXCEL-1755269749512-18",
    "assignedRound": {
      "label": "Round A",
      "roundNumber": 0
    },
    "createdAt": "2025-08-15T14:55:57.241Z"
  },
  {
    "id": "REG-ERLNJVSA6",
    "tournamentId": "TID-1024",
    "playerNumber": 1,
    "fullName": "Samantha Weaver",
    "dateOfBirth": "20-04-1982",
    "gender": "Male",
    "phone": "2710155929",
    "email": "douglasmelton@wagner.com",
    "address": "",
    "schoolOrEmployer": "",
    "playerPhoto": "",
    "emergencyContactName": "Not Provided",
    "emergencyContactRelationship": "Not Provided",
    "emergencyContactPhone": "Not Provided",
    "knownAllergies": "None",
    "priorMedicalConditions": "None",
    "currentMedications": "None",
    "medicalReleaseConsent": true,
    "playerSkillLevel": "Beginner",
    "pastPerformance": "None",
    "waiversAcknowledged": true,
    "mediaConsentAcknowledged": true,
    "paymentScreenshot": "",
    "transactionId": "EXCEL-1755269749512-19",
    "assignedRound": {
      "label": "Round A",
      "roundNumber": 0
    },
    "createdAt": "2025-08-15T14:55:57.245Z"
  },
  {
    "id": "REG-BKS6NIRXA",
    "tournamentId": "TID-1024",
    "playerNumber": 1,
    "fullName": "Alan King",
    "dateOfBirth": "19-09-1976",
    "gender": "Male",
    "phone": "2548974423",
    "email": "ortizkathryn@fields-harris.com",
    "address": "",
    "schoolOrEmployer": "",
    "playerPhoto": "",
    "emergencyContactName": "Not Provided",
    "emergencyContactRelationship": "Not Provided",
    "emergencyContactPhone": "Not Provided",
    "knownAllergies": "None",
    "priorMedicalConditions": "None",
    "currentMedications": "None",
    "medicalReleaseConsent": true,
    "playerSkillLevel": "Intermediate",
    "pastPerformance": "None",
    "waiversAcknowledged": true,
    "mediaConsentAcknowledged": true,
    "paymentScreenshot": "",
    "transactionId": "EXCEL-1755269749512-20",
    "assignedRound": {
      "label": "Round A",
      "roundNumber": 0
    },
    "createdAt": "2025-08-15T14:55:57.256Z"
  },
  {
    "id": "REG-HW0B7W1MO",
    "tournamentId": "TID-1024",
    "playerNumber": 1,
    "fullName": "Laura Olson",
    "dateOfBirth": "27-06-1978",
    "gender": "Male",
    "phone": "9298474859",
    "email": "williamslarry@gmail.com",
    "address": "",
    "schoolOrEmployer": "",
    "playerPhoto": "",
    "emergencyContactName": "Not Provided",
    "emergencyContactRelationship": "Not Provided",
    "emergencyContactPhone": "Not Provided",
    "knownAllergies": "None",
    "priorMedicalConditions": "None",
    "currentMedications": "None",
    "medicalReleaseConsent": true,
    "playerSkillLevel": "Beginner",
    "pastPerformance": "None",
    "waiversAcknowledged": true,
    "mediaConsentAcknowledged": true,
    "paymentScreenshot": "",
    "transactionId": "EXCEL-1755269749512-21",
    "assignedRound": {
      "label": "Round A",
      "roundNumber": 0
    },
    "createdAt": "2025-08-15T14:55:57.258Z"
  },
  {
    "id": "REG-UG6YBU45T",
    "tournamentId": "TID-1024",
    "playerNumber": 1,
    "fullName": "Daniel Miller",
    "dateOfBirth": "15-10-1985",
    "gender": "Male",
    "phone": "9707393642",
    "email": "yedwards@yahoo.com",
    "address": "",
    "schoolOrEmployer": "",
    "playerPhoto": "",
    "emergencyContactName": "Not Provided",
    "emergencyContactRelationship": "Not Provided",
    "emergencyContactPhone": "Not Provided",
    "knownAllergies": "None",
    "priorMedicalConditions": "None",
    "currentMedications": "None",
    "medicalReleaseConsent": true,
    "playerSkillLevel": "Beginner",
    "pastPerformance": "None",
    "waiversAcknowledged": true,
    "mediaConsentAcknowledged": true,
    "paymentScreenshot": "",
    "transactionId": "EXCEL-1755269749512-22",
    "assignedRound": {
      "label": "Round A",
      "roundNumber": 0
    },
    "createdAt": "2025-08-15T14:55:57.279Z"
  },
  {
    "id": "REG-CT0SVX9KC",
    "tournamentId": "TID-1024",
    "playerNumber": 1,
    "fullName": "Lee Martinez",
    "dateOfBirth": "23-12-1993",
    "gender": "Male",
    "phone": "8127605386",
    "email": "brooke15@yahoo.com",
    "address": "",
    "schoolOrEmployer": "",
    "playerPhoto": "",
    "emergencyContactName": "Not Provided",
    "emergencyContactRelationship": "Not Provided",
    "emergencyContactPhone": "Not Provided",
    "knownAllergies": "None",
    "priorMedicalConditions": "None",
    "currentMedications": "None",
    "medicalReleaseConsent": true,
    "playerSkillLevel": "Beginner",
    "pastPerformance": "None",
    "waiversAcknowledged": true,
    "mediaConsentAcknowledged": true,
    "paymentScreenshot": "",
    "transactionId": "EXCEL-1755269749512-23",
    "assignedRound": {
      "label": "Round A",
      "roundNumber": 0
    },
    "createdAt": "2025-08-15T14:55:57.284Z"
  },
  {
    "id": "REG-R2OIKKFU6",
    "tournamentId": "TID-1024",
    "playerNumber": 1,
    "fullName": "Ernest Townsend",
    "dateOfBirth": "29-01-2000",
    "gender": "Male",
    "phone": "7737877611",
    "email": "khodge@fuentes.org",
    "address": "",
    "schoolOrEmployer": "",
    "playerPhoto": "",
    "emergencyContactName": "Not Provided",
    "emergencyContactRelationship": "Not Provided",
    "emergencyContactPhone": "Not Provided",
    "knownAllergies": "None",
    "priorMedicalConditions": "None",
    "currentMedications": "None",
    "medicalReleaseConsent": true,
    "playerSkillLevel": "Advanced",
    "pastPerformance": "None",
    "waiversAcknowledged": true,
    "mediaConsentAcknowledged": true,
    "paymentScreenshot": "",
    "transactionId": "EXCEL-1755269749512-24",
    "assignedRound": {
      "label": "Round A",
      "roundNumber": 0
    },
    "createdAt": "2025-08-15T14:55:57.287Z"
  },
  {
    "id": "REG-GD13SG5TK",
    "tournamentId": "TID-1024",
    "playerNumber": 1,
    "fullName": "Jenna Brooks",
    "dateOfBirth": "04-10-1990",
    "gender": "Female",
    "phone": "9345918530",
    "email": "adam44@williams-hull.biz",
    "address": "",
    "schoolOrEmployer": "",
    "playerPhoto": "",
    "emergencyContactName": "Not Provided",
    "emergencyContactRelationship": "Not Provided",
    "emergencyContactPhone": "Not Provided",
    "knownAllergies": "None",
    "priorMedicalConditions": "None",
    "currentMedications": "None",
    "medicalReleaseConsent": true,
    "playerSkillLevel": "Beginner",
    "pastPerformance": "None",
    "waiversAcknowledged": true,
    "mediaConsentAcknowledged": true,
    "paymentScreenshot": "",
    "transactionId": "EXCEL-1755269749512-25",
    "assignedRound": {
      "label": "Round A",
      "roundNumber": 0
    },
    "createdAt": "2025-08-15T14:55:57.291Z"
  },
  {
    "id": "REG-V236F7S4C",
    "tournamentId": "TID-1024",
    "playerNumber": 1,
    "fullName": "Thomas Wilson",
    "dateOfBirth": "03-05-1987",
    "gender": "Male",
    "phone": "2420831962",
    "email": "ehawkins@gmail.com",
    "address": "",
    "schoolOrEmployer": "",
    "playerPhoto": "",
    "emergencyContactName": "Not Provided",
    "emergencyContactRelationship": "Not Provided",
    "emergencyContactPhone": "Not Provided",
    "knownAllergies": "None",
    "priorMedicalConditions": "None",
    "currentMedications": "None",
    "medicalReleaseConsent": true,
    "playerSkillLevel": "Beginner",
    "pastPerformance": "None",
    "waiversAcknowledged": true,
    "mediaConsentAcknowledged": true,
    "paymentScreenshot": "",
    "transactionId": "EXCEL-1755269749512-26",
    "assignedRound": {
      "label": "Round A",
      "roundNumber": 0
    },
    "createdAt": "2025-08-15T14:55:57.295Z"
  },
  {
    "id": "REG-B37H42LO0",
    "tournamentId": "TID-1024",
    "playerNumber": 1,
    "fullName": "Katie Keller",
    "dateOfBirth": "11-11-1987",
    "gender": "Female",
    "phone": "6351915598",
    "email": "shelbyreynolds@crosby-moore.biz",
    "address": "",
    "schoolOrEmployer": "",
    "playerPhoto": "",
    "emergencyContactName": "Not Provided",
    "emergencyContactRelationship": "Not Provided",
    "emergencyContactPhone": "Not Provided",
    "knownAllergies": "None",
    "priorMedicalConditions": "None",
    "currentMedications": "None",
    "medicalReleaseConsent": true,
    "playerSkillLevel": "Advanced",
    "pastPerformance": "None",
    "waiversAcknowledged": true,
    "mediaConsentAcknowledged": true,
    "paymentScreenshot": "",
    "transactionId": "EXCEL-1755269749512-27",
    "assignedRound": {
      "label": "Round A",
      "roundNumber": 0
    },
    "createdAt": "2025-08-15T14:55:57.299Z"
  },
  {
    "id": "REG-O7RPXTP1Y",
    "tournamentId": "TID-1024",
    "playerNumber": 1,
    "fullName": "David Roberts",
    "dateOfBirth": "23-10-1995",
    "gender": "Female",
    "phone": "7648520407",
    "email": "david25@alvarado.info",
    "address": "",
    "schoolOrEmployer": "",
    "playerPhoto": "",
    "emergencyContactName": "Not Provided",
    "emergencyContactRelationship": "Not Provided",
    "emergencyContactPhone": "Not Provided",
    "knownAllergies": "None",
    "priorMedicalConditions": "None",
    "currentMedications": "None",
    "medicalReleaseConsent": true,
    "playerSkillLevel": "Beginner",
    "pastPerformance": "None",
    "waiversAcknowledged": true,
    "mediaConsentAcknowledged": true,
    "paymentScreenshot": "",
    "transactionId": "EXCEL-1755269749512-28",
    "assignedRound": {
      "label": "Round A",
      "roundNumber": 0
    },
    "createdAt": "2025-08-15T14:55:57.302Z"
  },
  {
    "id": "REG-9TGQEENPJ",
    "tournamentId": "TID-1024",
    "playerNumber": 1,
    "fullName": "Kenneth Woods",
    "dateOfBirth": "29-11-1999",
    "gender": "Female",
    "phone": "4678639674",
    "email": "melissa51@hotmail.com",
    "address": "",
    "schoolOrEmployer": "",
    "playerPhoto": "",
    "emergencyContactName": "Not Provided",
    "emergencyContactRelationship": "Not Provided",
    "emergencyContactPhone": "Not Provided",
    "knownAllergies": "None",
    "priorMedicalConditions": "None",
    "currentMedications": "None",
    "medicalReleaseConsent": true,
    "playerSkillLevel": "Intermediate",
    "pastPerformance": "None",
    "waiversAcknowledged": true,
    "mediaConsentAcknowledged": true,
    "paymentScreenshot": "",
    "transactionId": "EXCEL-1755269749512-29",
    "assignedRound": {
      "label": "Round A",
      "roundNumber": 0
    },
    "createdAt": "2025-08-15T14:55:57.306Z"
  },
  {
    "id": "REG-6VAG8OB2P",
    "tournamentId": "TID-1024",
    "playerNumber": 1,
    "fullName": "Mike Smith",
    "dateOfBirth": "20-06-1996",
    "gender": "Female",
    "phone": "0667890954",
    "email": "norrisjessica@griffin-porter.com",
    "address": "",
    "schoolOrEmployer": "",
    "playerPhoto": "",
    "emergencyContactName": "Not Provided",
    "emergencyContactRelationship": "Not Provided",
    "emergencyContactPhone": "Not Provided",
    "knownAllergies": "None",
    "priorMedicalConditions": "None",
    "currentMedications": "None",
    "medicalReleaseConsent": true,
    "playerSkillLevel": "Advanced",
    "pastPerformance": "None",
    "waiversAcknowledged": true,
    "mediaConsentAcknowledged": true,
    "paymentScreenshot": "",
    "transactionId": "EXCEL-1755269749512-30",
    "assignedRound": {
      "label": "Round A",
      "roundNumber": 0
    },
    "createdAt": "2025-08-15T14:55:57.310Z"
  },
  {
    "id": "REG-08B8FVPVM",
    "tournamentId": "TID-1024",
    "playerNumber": 1,
    "fullName": "Jerry Tate",
    "dateOfBirth": "27-07-1979",
    "gender": "Female",
    "phone": "2101869016",
    "email": "jasmine61@hotmail.com",
    "address": "",
    "schoolOrEmployer": "",
    "playerPhoto": "",
    "emergencyContactName": "Not Provided",
    "emergencyContactRelationship": "Not Provided",
    "emergencyContactPhone": "Not Provided",
    "knownAllergies": "None",
    "priorMedicalConditions": "None",
    "currentMedications": "None",
    "medicalReleaseConsent": true,
    "playerSkillLevel": "Beginner",
    "pastPerformance": "None",
    "waiversAcknowledged": true,
    "mediaConsentAcknowledged": true,
    "paymentScreenshot": "",
    "transactionId": "EXCEL-1755269749512-31",
    "assignedRound": {
      "label": "Round A",
      "roundNumber": 0
    },
    "createdAt": "2025-08-15T14:55:57.313Z"
  }
]